Workbook

Sheet Como usar
A1: Painel do gestor (Google Planilhas)
A2: 1. Envie este arquivo ao Drive e abra com Google Planilhas.
A3: 2. Na aba 'Vendedores', digite o nome e cole o LINK da planilha de cada vendedor (você precisa ter acesso a ela).
A4: 3. Na primeira vez, o Google mostra #REF! com o botão 'Permitir acesso' em cada célula: clique para liberar a ligação.
A5: 4. 'Resumo geral' mostra negócios, ganhos e comissão de cada um; 'Cadastro e Pix' mostra os dados de pagamento;
A6: 'Detalhe' lista todos os negócios de um vendedor/aba escolhidos.
A7: Obs.: as linhas de TOTAL do Resumo de cada vendedor são lidas da linha 17 da aba Resumo.

Sheet Vendedores
A1: Vendedor | B1: Link da planilha do vendedor

Sheet Resumo geral
A1: Vendedor | B1: Negócios | C1: Ganhos | D1: Comissão a pagar
A2: =IF(Vendedores!A2="","",Vendedores!A2) | B2: =IF(Vendedores!$B2="","",IMPORTRANGE(Vendedores!$B2,"Resumo!C17")) | C2: =IF(Vendedores!$B2="","",IMPORTRANGE(Vendedores!$B2,"Resumo!E17")) | D2: =IF(Vendedores!$B2="","",IMPORTRANGE(Vendedores!$B2,"Resumo!G17"))
A3: =IF(Vendedores!A3="","",Vendedores!A3) | B3: =IF(Vendedores!$B3="","",IMPORTRANGE(Vendedores!$B3,"Resumo!C17")) | C3: =IF(Vendedores!$B3="","",IMPORTRANGE(Vendedores!$B3,"Resumo!E17")) | D3: =IF(Vendedores!$B3="","",IMPORTRANGE(Vendedores!$B3,"Resumo!G17"))
A4: =IF(Vendedores!A4="","",Vendedores!A4) | B4: =IF(Vendedores!$B4="","",IMPORTRANGE(Vendedores!$B4,"Resumo!C17")) | C4: =IF(Vendedores!$B4="","",IMPORTRANGE(Vendedores!$B4,"Resumo!E17")) | D4: =IF(Vendedores!$B4="","",IMPORTRANGE(Vendedores!$B4,"Resumo!G17"))
A5: =IF(Vendedores!A5="","",Vendedores!A5) | B5: =IF(Vendedores!$B5="","",IMPORTRANGE(Vendedores!$B5,"Resumo!C17")) | C5: =IF(Vendedores!$B5="","",IMPORTRANGE(Vendedores!$B5,"Resumo!E17")) | D5: =IF(Vendedores!$B5="","",IMPORTRANGE(Vendedores!$B5,"Resumo!G17"))
A6: =IF(Vendedores!A6="","",Vendedores!A6) | B6: =IF(Vendedores!$B6="","",IMPORTRANGE(Vendedores!$B6,"Resumo!C17")) | C6: =IF(Vendedores!$B6="","",IMPORTRANGE(Vendedores!$B6,"Resumo!E17")) | D6: =IF(Vendedores!$B6="","",IMPORTRANGE(Vendedores!$B6,"Resumo!G17"))
A7: =IF(Vendedores!A7="","",Vendedores!A7) | B7: =IF(Vendedores!$B7="","",IMPORTRANGE(Vendedores!$B7,"Resumo!C17")) | C7: =IF(Vendedores!$B7="","",IMPORTRANGE(Vendedores!$B7,"Resumo!E17")) | D7: =IF(Vendedores!$B7="","",IMPORTRANGE(Vendedores!$B7,"Resumo!G17"))
A8: =IF(Vendedores!A8="","",Vendedores!A8) | B8: =IF(Vendedores!$B8="","",IMPORTRANGE(Vendedores!$B8,"Resumo!C17")) | C8: =IF(Vendedores!$B8="","",IMPORTRANGE(Vendedores!$B8,"Resumo!E17")) | D8: =IF(Vendedores!$B8="","",IMPORTRANGE(Vendedores!$B8,"Resumo!G17"))
A9: =IF(Vendedores!A9="","",Vendedores!A9) | B9: =IF(Vendedores!$B9="","",IMPORTRANGE(Vendedores!$B9,"Resumo!C17")) | C9: =IF(Vendedores!$B9="","",IMPORTRANGE(Vendedores!$B9,"Resumo!E17")) | D9: =IF(Vendedores!$B9="","",IMPORTRANGE(Vendedores!$B9,"Resumo!G17"))
A10: =IF(Vendedores!A10="","",Vendedores!A10) | B10: =IF(Vendedores!$B10="","",IMPORTRANGE(Vendedores!$B10,"Resumo!C17")) | C10: =IF(Vendedores!$B10="","",IMPORTRANGE(Vendedores!$B10,"Resumo!E17")) | D10: =IF(Vendedores!$B10="","",IMPORTRANGE(Vendedores!$B10,"Resumo!G17"))
A11: =IF(Vendedores!A11="","",Vendedores!A11) | B11: =IF(Vendedores!$B11="","",IMPORTRANGE(Vendedores!$B11,"Resumo!C17")) | C11: =IF(Vendedores!$B11="","",IMPORTRANGE(Vendedores!$B11,"Resumo!E17")) | D11: =IF(Vendedores!$B11="","",IMPORTRANGE(Vendedores!$B11,"Resumo!G17"))
A12: =IF(Vendedores!A12="","",Vendedores!A12) | B12: =IF(Vendedores!$B12="","",IMPORTRANGE(Vendedores!$B12,"Resumo!C17")) | C12: =IF(Vendedores!$B12="","",IMPORTRANGE(Vendedores!$B12,"Resumo!E17")) | D12: =IF(Vendedores!$B12="","",IMPORTRANGE(Vendedores!$B12,"Resumo!G17"))
A13: =IF(Vendedores!A13="","",Vendedores!A13) | B13: =IF(Vendedores!$B13="","",IMPORTRANGE(Vendedores!$B13,"Resumo!C17")) | C13: =IF(Vendedores!$B13="","",IMPORTRANGE(Vendedores!$B13,"Resumo!E17")) | D13: =IF(Vendedores!$B13="","",IMPORTRANGE(Vendedores!$B13,"Resumo!G17"))
... A16: =IF(Vendedores!A16="","",Vendedores!A16) | B16: =IF(Vendedores!$B16="","",IMPORTRANGE(Vendedores!$B16,"Resumo!C17")) | C16: =IF(Vendedores!$B16="","",IMPORTRANGE(Vendedores!$B16,"Resumo!E17")) | D16: =IF(Vendedores!$B16="","",IMPORTRANGE(Vendedores!$B16,"Resumo!G17"))
A17: TOTAL | B17: =SUM(B2:B16) | C17: =SUM(C2:C16) | D17: =SUM(D2:D16)

Sheet Cadastro e Pix
A1: Vendedor | B1: Nome completo | C1: CPF | D1: CNPJ / MEI (se tiver) | E1: Endereço completo | F1: Cidade / UF | G1: CEP | H1: E-mail | I1: WhatsApp | J1: Chave Pix (tipo e chave) | K1: Banco / Agência / Conta (se não usar Pix)
A2: =IF(Vendedores!A2="","",Vendedores!A2) | B2: =IF(Vendedores!$B2="","",TRANSPOSE(IMPORTRANGE(Vendedores!$B2,"'Cadastro e Termo'!B4:B13")))
A3: =IF(Vendedores!A3="","",Vendedores!A3) | B3: =IF(Vendedores!$B3="","",TRANSPOSE(IMPORTRANGE(Vendedores!$B3,"'Cadastro e Termo'!B4:B13")))
A4: =IF(Vendedores!A4="","",Vendedores!A4) | B4: =IF(Vendedores!$B4="","",TRANSPOSE(IMPORTRANGE(Vendedores!$B4,"'Cadastro e Termo'!B4:B13")))
A5: =IF(Vendedores!A5="","",Vendedores!A5) | B5: =IF(Vendedores!$B5="","",TRANSPOSE(IMPORTRANGE(Vendedores!$B5,"'Cadastro e Termo'!B4:B13")))
A6: =IF(Vendedores!A6="","",Vendedores!A6) | B6: =IF(Vendedores!$B6="","",TRANSPOSE(IMPORTRANGE(Vendedores!$B6,"'Cadastro e Termo'!B4:B13")))
A7: =IF(Vendedores!A7="","",Vendedores!A7) | B7: =IF(Vendedores!$B7="","",TRANSPOSE(IMPORTRANGE(Vendedores!$B7,"'Cadastro e Termo'!B4:B13")))
A8: =IF(Vendedores!A8="","",Vendedores!A8) | B8: =IF(Vendedores!$B8="","",TRANSPOSE(IMPORTRANGE(Vendedores!$B8,"'Cadastro e Termo'!B4:B13")))
A9: =IF(Vendedores!A9="","",Vendedores!A9) | B9: =IF(Vendedores!$B9="","",TRANSPOSE(IMPORTRANGE(Vendedores!$B9,"'Cadastro e Termo'!B4:B13")))
A10: =IF(Vendedores!A10="","",Vendedores!A10) | B10: =IF(Vendedores!$B10="","",TRANSPOSE(IMPORTRANGE(Vendedores!$B10,"'Cadastro e Termo'!B4:B13")))
A11: =IF(Vendedores!A11="","",Vendedores!A11) | B11: =IF(Vendedores!$B11="","",TRANSPOSE(IMPORTRANGE(Vendedores!$B11,"'Cadastro e Termo'!B4:B13")))
A12: =IF(Vendedores!A12="","",Vendedores!A12) | B12: =IF(Vendedores!$B12="","",TRANSPOSE(IMPORTRANGE(Vendedores!$B12,"'Cadastro e Termo'!B4:B13")))
A13: =IF(Vendedores!A13="","",Vendedores!A13) | B13: =IF(Vendedores!$B13="","",TRANSPOSE(IMPORTRANGE(Vendedores!$B13,"'Cadastro e Termo'!B4:B13")))
... A16: =IF(Vendedores!A16="","",Vendedores!A16) | B16: =IF(Vendedores!$B16="","",TRANSPOSE(IMPORTRANGE(Vendedores!$B16,"'Cadastro e Termo'!B4:B13")))

Sheet Detalhe
A1: Vendedor: | B1: (escolha)
A2: Aba (empresa): | B2: Uningá
A4: =IF(COUNTIF(Vendedores!A:A,B1)=0,"Escolha o vendedor e a aba",IMPORTRANGE(VLOOKUP(B1,Vendedores!A:B,2,FALSE),"'"&B2&"'!A5:M505"))
